Product Name,Product Link,Price,Reviews,Discounts
Promotion-Women shoes Ladies sports Sneakers Athletic Canvas leather Lightweightair force air jordan girl shoes football boots Casual sneakers Student office New Year Lover Gift,Promotion-Women shoes Ladies sports Sneakers Athletic Canvas leather Lightweightair force air jordan girl shoes football boots Casual sneakers Student office New Year Lover Gift,"KSh 1,199 KSh 5,999","KSh 5,999",80% Off
Shoes Men Shoes Sneakers Running Shoes Sport Shoes Athletic Shoes Basketball Shoes Rubber Shoes Outdoor Shoes Casual Shoes Lightweight Breathable Shoes,Shoes Men Shoes Sneakers Running Shoes Sport Shoes Athletic Shoes Basketball Shoes Rubber Shoes Outdoor Shoes Casual Shoes Lightweight Breathable Shoes,"KSh 1,029 KSh 5,999","KSh 5,999",82% Off
Insoles 1 Pair Insoles Breathable Anti-slip Insole for feet Pad Inserts Heel Post Back for Women Hosiery Insole Pad Inserts Heel Post BackBreathable Anti-slip for High Heel Shoe Ne,Insoles 1 Pair Insoles Breathable Anti-slip Insole for feet Pad Inserts Heel Post Back for Women Hosiery Insole Pad Inserts Heel Post BackBreathable Anti-slip for High Heel Shoe Ne,"KSh 299 KSh 1,000","KSh 1,000",70% Off
New Boys' kids shoes Sandals Summer Non-slip Soft Bottom Boys in Big Children's Children's Shoes Baby Beach Shoes Sandals Durable Rhinestone Hiking Outdoor Jogging  Unisex Kids Sho,New Boys' kids shoes Sandals Summer Non-slip Soft Bottom Boys in Big Children's Children's Shoes Baby Beach Shoes Sandals Durable Rhinestone Hiking Outdoor Jogging  Unisex Kids Sho,"KSh 399 KSh 2,998","KSh 2,998",86% Off
New Arrival Fish Mouth Sandals Women's Style Roman Women Thick Heels Versatile Mid-heel Thick Comfortable Non-slip Deodorant Ladies Shoes Beach Fashionable Beautiful Girls Shoes He,New Arrival Fish Mouth Sandals Women's Style Roman Women Thick Heels Versatile Mid-heel Thick Comfortable Non-slip Deodorant Ladies Shoes Beach Fashionable Beautiful Girls Shoes He,"KSh 999 KSh 3,398","KSh 3,398",70% Off
Promotion-Men Shoes Ice silk fabric Side line Canvas open shoes boys shoesair force air jordan Athletic Fashion Durable Soft Sneakers birthday present Gift,Promotion-Men Shoes Ice silk fabric Side line Canvas open shoes boys shoesair force air jordan Athletic Fashion Durable Soft Sneakers birthday present Gift,"KSh 999 KSh 5,999","KSh 5,999",83% Off
New Arrivals Men's casual sports shoes boys shoes breathable soft soled shoes women's running shoes students fashion sneakers athletic shoes,New Arrivals Men's casual sports shoes boys shoes breathable soft soled shoes women's running shoes students fashion sneakers athletic shoes,"KSh 999 KSh 3,999","KSh 3,999",75% Off
New Arrivals women's casual flying woven fashion sneakers ladies' cloth sports shoes girls athletic mesh running shoes girls gym athletic,New Arrivals women's casual flying woven fashion sneakers ladies' cloth sports shoes girls athletic mesh running shoes girls gym athletic,"KSh 999 KSh 3,999","KSh 3,999",75% Off
Children Shoes Boy Shoes kids shoes Waterproof Primary School Students' Shoes Little Boys Middle and Big Kids Unisex Non-slip Sports Shoes Athletic Durable Rhinestone Hiking Outdoo,Children Shoes Boy Shoes kids shoes Waterproof Primary School Students' Shoes Little Boys Middle and Big Kids Unisex Non-slip Sports Shoes Athletic Durable Rhinestone Hiking Outdoo,"KSh 699 KSh 3,298","KSh 3,298",78% Off
New Arrival Rubber Shoes ladies  shoes best womens canvas shoes  women's sports shoes new denim canvas shoes cheap casual shoes ladies canvas running shoes school girl board shoes,New Arrival Rubber Shoes ladies  shoes best womens canvas shoes  women's sports shoes new denim canvas shoes cheap casual shoes ladies canvas running shoes school girl board shoes,"KSh 1,299 KSh 4,699","KSh 4,699",72% Off
New Men's Sandals Summer Beach Shoes Men Sandals Roma Leisure Breathable Canvas Unisex Casual Flip Flops Slippers Outdoor Walking Footwear Soft boy holiday party birthday dad gift,New Men's Sandals Summer Beach Shoes Men Sandals Roma Leisure Breathable Canvas Unisex Casual Flip Flops Slippers Outdoor Walking Footwear Soft boy holiday party birthday dad gift,"KSh 799 KSh 2,998","KSh 2,998",73% Off
Kids shoes Girls flat shoes new little girl foreign style princess shoes spring and autumn kids shoes small fragrance children's soft bottom baby beanie shoes Ballerinas and Flats,Kids shoes Girls flat shoes new little girl foreign style princess shoes spring and autumn kids shoes small fragrance children's soft bottom baby beanie shoes Ballerinas and Flats,"KSh 499 KSh 2,898","KSh 2,898",82% Off
Insoles Best Sellers 1pair Soft Silicone Gel Insoles for heel spurs pain Foot cushion Foot Massager Care Shoe Care Insoles Silicone insole is practical for increasing height,Insoles Best Sellers 1pair Soft Silicone Gel Insoles for heel spurs pain Foot cushion Foot Massager Care Shoe Care Insoles Silicone insole is practical for increasing height,"KSh 459 KSh 2,000","KSh 2,000",77% Off
Children's sports shoes Boys Girls Canvas shoes Comfortable Soft Summer Baby boy new mesh fabric breathable sports shoes girl kids casual shoes unisex holiday party birthday girlfr,Children's sports shoes Boys Girls Canvas shoes Comfortable Soft Summer Baby boy new mesh fabric breathable sports shoes girl kids casual shoes unisex holiday party birthday girlfr,"KSh 299 KSh 1,998","KSh 1,998",85% Off
New kids shoes British style children's single boots baby booties autumn and winter leather boots girls Martin boots Children's fashion Martin boots-Black  girls Shoes Boots girls,New kids shoes British style children's single boots baby booties autumn and winter leather boots girls Martin boots Children's fashion Martin boots-Black  girls Shoes Boots girls,"KSh 799 KSh 2,998","KSh 2,998",73% Off
New Arrival High Quality Business Men's Shoes Fashion Mens Casual Loafers Driving Shoes Men Party Slip-Ons,New Arrival High Quality Business Men's Shoes Fashion Mens Casual Loafers Driving Shoes Men Party Slip-Ons,"KSh 999 KSh 3,699","KSh 3,699",72% Off
Men Shoes Cloth Shoes Men's Aposs All Match Sports Boys Casual Canvas Lazy Breathable Work Shoes Sneakers Boy Tooling Boots Wild Trend Plus Trendy Shoes Fashion Sneakers Basketball,Men Shoes Cloth Shoes Men's Aposs All Match Sports Boys Casual Canvas Lazy Breathable Work Shoes Sneakers Boy Tooling Boots Wild Trend Plus Trendy Shoes Fashion Sneakers Basketball,"KSh 699 KSh 3,599","KSh 3,599",80% Off
New arrivals Size[26-30] Children's board shoes kids shoes kids running shoes boys shoes girls shoes rubber shoes new soft sole non-slip versatile casual shoes for breathable durab,New arrivals Size[26-30] Children's board shoes kids shoes kids running shoes boys shoes girls shoes rubber shoes new soft sole non-slip versatile casual shoes for breathable durab,"KSh 1,299 KSh 2,999","KSh 2,999",56% Off
Kids shoes Children's shoes New children's sports boots Children's baby LED light shoes Socks girls' boots Girls' light shoes Letters flight woven sports shoes sets Pink sports boo,Kids shoes Children's shoes New children's sports boots Children's baby LED light shoes Socks girls' boots Girls' light shoes Letters flight woven sports shoes sets Pink sports boo,"KSh 599 KSh 2,998","KSh 2,998",80% Off
New Arrival Fashion Sneakers Sports shoes High Quality Men's Board Shoes splicing  Shoes Outdoor Casual Hiking Shoes,New Arrival Fashion Sneakers Sports shoes High Quality Men's Board Shoes splicing  Shoes Outdoor Casual Hiking Shoes,"KSh 1,299 KSh 3,699","KSh 3,699",64% Off
New Slippers Men's Sandals Flip-flops Boy's Anti-Slip Sandals and Slippers Durable Fashion Beach Shoes Hole Shoes Bathroom Inside and Outside Birthday Household Shoes Flip-Flops Ai,New Slippers Men's Sandals Flip-flops Boy's Anti-Slip Sandals and Slippers Durable Fashion Beach Shoes Hole Shoes Bathroom Inside and Outside Birthday Household Shoes Flip-Flops Ai,"KSh 999 KSh 3,598","KSh 3,598",72% Off
New Unisex Boys Girls Fashion flat soled shoes Children's Canvas Shoes Boys Shoes Casual Shoes Star Canvas Shoes Comfortable Soft Casual Shoes Kids Sneakers Holiday Party Birthday,New Unisex Boys Girls Fashion flat soled shoes Children's Canvas Shoes Boys Shoes Casual Shoes Star Canvas Shoes Comfortable Soft Casual Shoes Kids Sneakers Holiday Party Birthday,"KSh 599 KSh 1,798","KSh 1,798",66% Off
Ladies Shoes Fashion High Quality Plus Size Flat Shoes Ladies Casual Shoes Fashion Africa Sport Shoe Girl Stripper Women Shoes Comfortable Convenient Outdoor Breathable Canvas Shoe,Ladies Shoes Fashion High Quality Plus Size Flat Shoes Ladies Casual Shoes Fashion Africa Sport Shoe Girl Stripper Women Shoes Comfortable Convenient Outdoor Breathable Canvas Shoe,"KSh 699 KSh 2,598","KSh 2,598",73% Off
New Kids Shoes Boys Sandals Kids Shoes Beach Water Children Sandals Fashion Shoes Lightweight Non-Slip Soft Sole Boys Comfortable Sandals Unisex Durable Rhinestone Hiking Outdoor J,New Kids Shoes Boys Sandals Kids Shoes Beach Water Children Sandals Fashion Shoes Lightweight Non-Slip Soft Sole Boys Comfortable Sandals Unisex Durable Rhinestone Hiking Outdoor J,"KSh 499 KSh 2,898","KSh 2,898",82% Off
New Arrivals Luxury Casual Leather Sandals Men Fashion Genuine Leather Beach Sandal Split Flip Flop Leisure Shoes Large Size Men's Big Slipper Outdoor Walking Footwear Soft boy hol,New Arrivals Luxury Casual Leather Sandals Men Fashion Genuine Leather Beach Sandal Split Flip Flop Leisure Shoes Large Size Men's Big Slipper Outdoor Walking Footwear Soft boy hol,"KSh 1,599 KSh 3,998","KSh 3,998",60% Off
Kids shoes  Autumn Small White Shoes Two Cotton Daddy Boys Shoes boys Athletic Sneakers,Kids shoes  Autumn Small White Shoes Two Cotton Daddy Boys Shoes boys Athletic Sneakers,"KSh 1,199 KSh 2,599","KSh 2,599",53% Off
New Pointed Toe Chunky Heel Shoes Women's High Heels Women Shallow Mouth Mid-heel Professional Work Shoes Ladies Official Shoes Office Shoes Girl Fashionable and Versatile Ladys He,New Pointed Toe Chunky Heel Shoes Women's High Heels Women Shallow Mouth Mid-heel Professional Work Shoes Ladies Official Shoes Office Shoes Girl Fashionable and Versatile Ladys He,"KSh 899 KSh 3,398","KSh 3,398",73% Off
Kids shoes New Kids Sneakers Children Baby LED Light Shoes Children's Alphabet Webbing Mesh Breathable Children 1-6 Years Old Light-emitting Shoes Casual Sports Shoes Athletic Net,Kids shoes New Kids Sneakers Children Baby LED Light Shoes Children's Alphabet Webbing Mesh Breathable Children 1-6 Years Old Light-emitting Shoes Casual Sports Shoes Athletic Net,"KSh 1,099 KSh 2,998","KSh 2,998",63% Off
New Arrivals women's casual canvas fly woven single shoes Ladies' cloth shoes  mesh shoes fashion walking soft soled shoes,New Arrivals women's casual canvas fly woven single shoes Ladies' cloth shoes  mesh shoes fashion walking soft soled shoes,"KSh 799 KSh 2,999","KSh 2,999",73% Off
MAX90 Air Cushion Men Sport Running Shoes Fashion Sneakers Jogging Trainers Casual Lace-up,MAX90 Air Cushion Men Sport Running Shoes Fashion Sneakers Jogging Trainers Casual Lace-up,"KSh 1,989 KSh 6,556","KSh 6,556",69% Off
Men’s White Shoes Breathable Rubber Low Upper Sport Shoes  casual Sneaker women’s  PU leather shoes boys Fashion Sneaker,Men’s White Shoes Breathable Rubber Low Upper Sport Shoes  casual Sneaker women’s  PU leather shoes boys Fashion Sneaker,"KSh 999 KSh 5,999","KSh 5,999",83% Off
SIZE:27-37 Limited time special price for 2022NEW ARRIVED gift for kids shoes girls korean shoes girls athletic girls shoes dress,SIZE:27-37 Limited time special price for 2022NEW ARRIVED gift for kids shoes girls korean shoes girls athletic girls shoes dress,"KSh 999 KSh 1,799","KSh 1,799",44% Off
Fashion kids shoes Unisex Canvas shoes casual board shoes rubber shoes flat soled magic tape Velcro Kindergarten students shoes casual High Quality Sneaker children's shoes boys sh,Fashion kids shoes Unisex Canvas shoes casual board shoes rubber shoes flat soled magic tape Velcro Kindergarten students shoes casual High Quality Sneaker children's shoes boys sh,"KSh 799 KSh 1,999","KSh 1,999",60% Off
【Recommended To Buy A Larger Size】ZW Shoes Women Shoes Ladies Shoes Women Boots Women Thick Heels Fashion Short Martin Boots,【Recommended To Buy A Larger Size】ZW Shoes Women Shoes Ladies Shoes Women Boots Women Thick Heels Fashion Short Martin Boots,"KSh 950 KSh 2,999","KSh 2,999",68% Off
Large size shoes Top rubber shoesFashion Black laceless men canvas shoes Loafers Slip Ons Canvas Shoes Sneakers Low Top Black Shoes High Quality Generic Men's Athletic Shoes Motion,Large size shoes Top rubber shoesFashion Black laceless men canvas shoes Loafers Slip Ons Canvas Shoes Sneakers Low Top Black Shoes High Quality Generic Men's Athletic Shoes Motion,"KSh 999 KSh 3,999","KSh 3,999",75% Off
New Arrivals Men's Shoes rubber shoes Loafers Cloth Shoes Soft Sole Casual Sneakers Work  Men's Sports Shoes Dad Running Shoes  Slip-Ons,New Arrivals Men's Shoes rubber shoes Loafers Cloth Shoes Soft Sole Casual Sneakers Work  Men's Sports Shoes Dad Running Shoes  Slip-Ons,"KSh 799 KSh 4,999","KSh 4,999",84% Off
New Arrivals women's canvas shoes Ladies casual comfortable round head shoes lazy shoes student shoes girls flat cloth shoes espadrilles,New Arrivals women's canvas shoes Ladies casual comfortable round head shoes lazy shoes student shoes girls flat cloth shoes espadrilles,"KSh 499 KSh 2,999","KSh 2,999",83% Off
Shoes Men Shoes Loafers Men Shoes Casual for Men Sport Shoes Rubber Shoes New Fashion Discount On Sale,Shoes Men Shoes Loafers Men Shoes Casual for Men Sport Shoes Rubber Shoes New Fashion Discount On Sale,KSh 659 KSh 999,KSh 999,34% Off
New Unisex Flip-Flops Men and Women sandals beach Slippers high Quality beach Sandals Light Slippers Boy Non-Slip Beach Sandals Slippers Casual Thick Elastic Girl Shoes Ladies Shoe,New Unisex Flip-Flops Men and Women sandals beach Slippers high Quality beach Sandals Light Slippers Boy Non-Slip Beach Sandals Slippers Casual Thick Elastic Girl Shoes Ladies Shoe,"KSh 366 KSh 2,598","KSh 2,598",85% Off
Shoes Women Shoes Heels Sandals High Heels Dress Shoes,Shoes Women Shoes Heels Sandals High Heels Dress Shoes,"KSh 899 KSh 4,599","KSh 4,599",80% Off
